category,service,business_name,contact_name,phone,address,website,notes,computed_keywords
Home Repair & Trades,Window Coverings,3 Day Blinds,,8007001860,,https://www.3dayblinds.com/locations/tx/san-antonio,,
Health Care,Dental,7‑To‑7 Dental (Alamo Ranch),,2105380777,"11841 Alamo Ranch Pkwy Ste 106, San Antonio, Tx 78253",https://www.7to7dental.com,,     
Landscaping Trees Lawn Services,Pest Control Exterminator,A-Bear Pest Control,,2106503200,"12702 Toepperwein Rd #233, Live Oak, Tx 78233",https://abearpestcontrol.com/,Prompt & Thorough,
Home Repair & Trades,Garage Doors,A1 Garage Door Service,Joshua,2106605420,"114 N Ellison Dr, Suite 406, San Antonio, Tx 78251",https://a1garage.com/locations/tx/sanantonio/,"Army Vet, Great Service",
Home Repair & Trades,Plumbing,"Ads Plumbing, Llc",Danny Stephens,2102876409,"101 County Rd 4511, Hondo, Tx 78861",,,
Landscaping Trees Lawn Services,Yard Cleanup Junk Removal,Aj,Aj,2109070399,,,,
Home Repair & Trades,Plumbing,Akm Plumbing,Adrian Moreno,8302121313,,,,
Pet Care,Veterinary Clinic Animal Hospital,Alamo Ranch Animal Hospital,Dr. Shannon; Dr. Gaines,2105387484,"6820 Alamo Pkwy Ste 118, San Antonio, Tx 78253",http://alamoranchvets.com/,,
Health Care,Dental,Alamo Ranch Family Dentistry,Dr. Sarah Tovar,2108982688,"11840 Alamo Ranch Pkwy Ste 90, San Antonio, Tx 78253",https://www.alamoranchfamilydentistry.com,,
Health Care,Dental,Alamo Springs Dental,,2104639339,"11590 Galm Rd Ste 109, San Antonio, Tx 78254",https://www.alamospringsdental.com,,
Landscaping Trees Lawn Services,Weed & Feed,Alamo Turf Works,,2103712125,"2303 Abadeer Trl San Antonio, Tx 78253",https://alamoturfworks.com/,Beautiful Results,
Auto Services,Mobile Wash,Albert,Albert,2103921085,,,Amazing Job,
Home Repair & Trades,Electrician,All Star Electric,,2103910274,"5911 Rittiman Plaza Bldg 1, Sa",https://www.allstarelectric-sa.com/,Military Discount,
Landscaping Trees Lawn Services,Artificial Turf,Always Green Synthetic Lawns,,2104131034,"22211 W I-10, Suite 1206, San Antonio, Tx 78257",https://www.alwaysgreen-texas.com/,,
Home Repair & Trades,Flooring,Atlas Flooring,,2104442039,10242 West Loop 1604 N San Antonio Tx,https://www.atlasfloors.com/,,
Health Care,Audiology,Audionova Audiology,Dr Rogers Johns,2106140100,"5282 Medical Drive ,Suite 150",https://hearlifeagain.alpacaaudiology.com/meet-the-team/roger-johns/,Excellent Diagnostician,
Landscaping Trees Lawn Services,Tree Removal,Bare Nature Tree Surgeons Llc,,2105404669,,https://www.barenaturetree.com/,Free Estimates 24/7,
Landscaping Trees Lawn Services,Pest Control Exterminator,Barefoot Mosquito,,2109797378,,https://barefootmosquito.com/pest-control-san-antonio-tx/,,
Pet Care,Mobile Grooming,Barkin Beautiful,Martina Martinez,2106061528,,https://www.barkinbeautiful.com/,,
Landscaping Trees Lawn Services,Tree Removal,Bartlett Tree Experts,Luke Zinmeister,2016554670,"13115 Lookout Run, San Antonio, Tx 78233","https://www.bartlett.com/locations/San-Antonio-TX.cfm|13115LookoutRun,SanAntonio,TX78233",Emergency Svc Avail,
Home Repair & Trades,Window Coverings,Blinded By Delight,,2103365266,"140 Heimer Rd, Ste 685, San Antonio, Tx 78232",https://www.blindedbydelight.com,,
Pet Care,Pet Grooming,Blissful Pet Grooming,Cici,2105704891,,https://www.blissfulpetgrooming.com/,Also Plant Watering,
Professional Technical Services,Computer Repair,Brian Totten,Brian Totten,5127675884,,,Hcr Resident,
Landscaping Trees Lawn Services,Concrete Curbing Landscape Edging,Brush County Curbs & Borders Llc,Wayne Palk,9038509896,"110 Cimarron Park, Helotes, Tx 78023",https://www.brushcountrycurbs.com/,Brushcountycurbs@Gmail.Com,
Home Repair & Trades,Window Coverings,Budget Blinds Of San Antonio,,2104902272,"4553 N Loop 1604 W Ste 1127, San Antonio, Tx 78249",https://budgetblinds.com/northeastsanantonio/,,
Landscaping Trees Lawn Services,Landscape Hardscape,Burgess Services,,2109942239,"6923 W Loop 1604 N, San Antonio, Tx 78254",https://www.burgessservices210.com,Patio Pavers; Cleanup Good,
Home Repair & Trades,Handyman,Byron Morales,Byron Morales,2107449933,,,"Many Jobs, Fair Price",
Home Repair & Trades,"Hvac, Air Conditioning, Heating",C&M Heating And Cooling,Cory Wade,2105564280,"San Antonio, Tx 78253",http://cmrepairstexas.com/,,
Beauty Wellness,Nail Salon,Cali Nails,Tina,2106889995,"5511 W Loop 1604 N Suite #103, San Antonio, Tx 78253",https://cali-nails4san-antonio.edan.io/,,
Auto Services,Auto Repair,Caliber Collision,,8884610010,"11720 Culebra Rd. San Antonio, Tx 78253",https://www.caliber.com/find-a-location/cac-san-antonio-alamo-ranch,,
Legal Services,Elder Law,Carol Bertsch,Carol Bertsch,2103728011,"8703 Broadway, San Antonio, Tx 78217",https://www.assistingseniors.com/,Elder Resources Expert,
Home Repair & Trades,Handyman,Ceja Handyman,,2103647268,,https://cejahandyman.com,,
Landscaping Trees Lawn Services,Fencing,Champion Fence,,2104901441,"15114 Jones Maltsberger Rd, San Antonio, Tx 78247",,,
Beauty Wellness,Nail Salon,Coco Nail Bar,Mary,2104765159,,https://coconailbartexas.com/,,
Personal Services,Dry Cleaning Laundry,Comet Cleaners,,2106276010,"11026 Culebra Rd. Suite 113
San Antonio, Tx 78253",https://cometsatx.com/locations/,,
Auto Services,Auto Repair,Cornerstone Automotive,,2106882000,"11030 Culebra Road San Antonio, Texas, 78254",https://www.cornerstoneautomotive.com/,,
Health Care,Dental,Covert Dental,Dr. John Covert,2105438400,"7701 Tezel Rd, San Antonio, Tx 78250",https://covertdental.com/,,
Home Repair & Trades,Plumbing,D. Kay’S Plumbing Solutions,Eloy,2105735865,"5630 Timberhurst, San Antonio, Tx, United States, Texas",https://www.facebook.com/saplumbing01/,,
Financial Tax Services,Tax Help,Damien,Clutch,,,,,
Home Repair & Trades,Sheetrock Repair,Danny Wilks,,2108234027,,,,
Home Repair & Trades,Roofing,Dav Roofing And Construction,Scott,8304815650,,https://davroofing.com/,,
Landscaping Trees Lawn Services,Tree Removal,Davey Tree Expert Company,,2106980515,"24175 Boerne Stage Rd, San Antonio, Tx 78225",https://www.davey.com/residential-tree-services/local-offices/san-antonio-tree-service,Isa Arborists,
Personal Services,Upholstery,David Huron,David Huron,2108857765,,https://budgetupholstery.com,Very Pleased,
Health Care,Endocrinology,Dgd Clinic,Dr Firas Akhrass,2106148612,"5107 Medical Dr, San Antonio, Tx 78229",https://www.dgdclinic.com/,,
Health Care,Endocrinology,Diabetic & Glandular Disease Clinic,Dr. Firas Akhrass,2106148612,"5107 Medical Dr, San Antonio, Tx 78229",https://www.dgdclinic.com/,,
Home Cleaning Domestic Services,Housekeeping,Dina Cordova,Dina Cordova,2107693231,,,Trustworthy,
Health Care,Dermatology,Dr Michael Sorace,Dr Michael Sorace,,,https://www.mohsskinsurgery.com/,Excellent Mohs,
Health Care,Orthopedics,Dr. Adam Harris (South Texas Surgical & Orthopedic Specialists),,2106145100,"225 E Sonterra Blvd Ste 220, San Antonio, Tx 78258",https://www.saorthospecialists.com/adam-i-harris-md,,
Health Care,Orthopedics,Dr. Brian Kaiser,,2102819595,"Ridgewood Orthopaedic Center 19138 Us-281 N San Antonio, Tx 78258",https://www.tsaog.com/physicians/bryan-w-kaiser/,,
Health Care,Orthopedics,Dr. Casey Taber (Tsaog),,2108045450,"19138 N Us Hwy 281 Ste 100, San Antonio, Tx 78258",https://www.tsaog.com/physicians/casey-d-taber/,,
Health Care,Orthopedics,Dr. Peter Holmes,,2106969000,"5510-B Presidio Parkway Ste 2209 San Antonio, Tx 78249",https://methodistphysicianpractices.com/physicians/profile/Dr-Peter-Holmes-MD,,
Health Care,Chiropractic,Dr. Tripp Puhl Chiropractic,,2108282665,"147 W Sunset Rd Ste 101, San Antonio, Tx 78209",https://www.chiropracticcentersoftexas.com/,,
Health Care,Dermatology,Dynamic Dermatology,,2109515530,"13535 Hausman Pass, Suite 104,
San Antonio, Tx 78249",https://www.dynamicdermatology.com/,,
Financial Tax Services,Financial Advisor,Edward Jones,Jim Tanberg,,"On Culebra, San Antonio, Tx",,,
Home Repair & Trades,Water Softener Sales Service,Elite Water Systems,,2105565452,"17422 O'Connor Rd #200, San Antonio, Tx 78247",https://www.elitewatersystems.com/,Recommended,
Home Repair & Trades,Plumbing,Eloy Cisneros,Eloy Cisneros,2105735865,"5630 Timberhurst, San Antonio, Tx, United States, Texas",https://www.facebook.com/saplumbing01/,"Reliable, Reasonable",
Health Care,Optometry Eye Exam,Eye Associates,Dr Anhtuan Nguyen,2106177396,"11345 Alamo Ranch Pkwy San Antonio, Tx 78253",https://www.eye-assoc.com/alamo-ranch,Good Experience,
Beauty Wellness,Barber,Fineline Barbershop #1,Damien,2104740799,"11400 Culebra Rd #105, San Antonio, Tx 78253",https://www.finelinebarbershopsa.com/location1,,
Landscaping Trees Lawn Services,Softscape,Firm Foundation Landscaping,Tyler Lewis,2104597580,,https://firmfoundationlandscaping.com/,Lawn/Rock Install,
Home Repair & Trades,Plumbing,Flushing With Pride Plumbing & Sewer Services,Elizabeth Fisher,2108656402,"Po Box 681163, San Antonio, Tx 78268",https://flushingwithpride.com/,Neighbors Pleased,
Home Repair & Trades,Garage Doors,Garage Door Solutions,,2106629494,,https://sagaragedoorsolutions.com/,,
Home Repair & Trades,Garage Doors,Garage Guru,,2105422273,,https://sagarageguru.com,,
Professional Technical Services,Computer Repair,Geek Squad Alamo Ranch,,2105205143,"5419 W Loop 1604 N San Antonio, Tx 78253",https://stores.bestbuy.com/tx/san-antonio/5419-w-loop-1604-n-1459/geeksquad.html?ref=NS&loc=ns100,,
Landscaping Trees Lawn Services,Lawn Care,Gilbert’S Lawn Care,Gilbert,2107071739,,,,
Pet Care,Veterinary Clinic Animal Hospital,Great Northwest Animal Hospital,Dr. Michelle,2106814278,"8843 Grissom Rd Ste 101, San Antonio, Tx 78251",https://www.gnwah.com,,
Landscaping Trees Lawn Services,Tree Trim,H.O.W. Foundation,,2103332100,"7495 Trainer Hale Rd #2, Schertz, Tx 78154",https://howfoundationsa.org/,Charity Donation Credit,
Insurance,Insurance Agent,Hd Insurance Agency,John,2107508900,"6827 Camp Bullis Rd #302 San Antonio, Tx 78256",https://hd-ins.com/,Independent Agent,
Health Care,Primary Care,Health Texas,Dr Bharath Pola,2102374983,"10307 State Highway 151 San Antonio, Tx 78251-4557",https://healthtexas.org/doctor/bharath-pola-d-o/,"Prompt, Courteous",
Home Cleaning Domestic Services,Carpet Cleaning,Heaven’S Best Carpet Cleaning,Art / Mark,2103802969,,https://www.heavensbest.com/search/?q=78253,,
Home Cleaning Domestic Services,Housekeeping,Hilda Cordova,Hilda Cordova,2106337012,,,,
Pet Care,Veterinary Clinic Animal Hospital,Hill Country Animal Hospital,Dr. Macias; Dr. Krick,2106954455,"12410 Bandera Rd, Helotes, Tx 78023",https://www.hillcountryanimalhospital.com/,,
Home Repair & Trades,Window Coverings,Home Depot (Plantation Shutters),,,,,,
Landscaping Trees Lawn Services,Pest Control Exterminator,Hometeam Pest Defense,,2106412551,"12677 Silicon Dr, San Antonio, Tx 78249",https://pestdefense.com,,
Home Repair & Trades,Handyman,James Handstedt,,2107229266,,,,
Personal Services,Upholstery,Joseph Lopez,Joseph Lopez,2106806566,"610 Timber Bluff San Antonio, Tx 78253",https://www.manta.com/c/mmcbyhm/joseph-s-elite-upholstery,Excellent Workmanship,
Landscaping Trees Lawn Services,Lawn Care,Jose’S Lawn Service,Jose,2564220888,,,,
Landscaping Trees Lawn Services,Irrigation,Just A Good Sprinkler Man,Art,2102484450,"10730 Potranco Rd #122, San Antonio, Tx 78251",https://justagoodsprinklerman.com/,,
Pet Care,Pet Grooming,Just Four Paws,,2106959035,"12602 Fm 1560 N, Helotes, Tx",https://www.justfourpawshelotes.com/,Excellent Job,
Financial Tax Services,Cpa,"Kathleen Emmick Vines, Cpa",,2814351354,,,,
Landscaping Trees Lawn Services,Lawn Care,Landon Lindsey,Landon Lindsey,2103308365,,,"Reliable, Shows Up",
Pet Care,In‑Home Euthanasia,Lap Of Love,,2106407322,,https://www.lapoflove.com/find-a-vet/Texas/San-Antonio/about,,
Health Care,Optometry Eye Exam,Lenscrafters Westwood Loop,,2106889262,"5535 W Loop 1604 N, San Antonio, Tx 78253",https://www.lenscrafters.com/lc-us/find-a-store,Thorough Exam,
Landscaping Trees Lawn Services,Pest Control Exterminator,Lone Star Pest Control,Dean Dotterman,8308003209,,,$65 Group Rate,
Home Repair & Trades,Window Coverings,Louver Shop Of San Antonio,,8884281415,,https://www.louvershop.com/locations/louver-shop-of-san-antonio/,,
Landscaping Trees Lawn Services,Lawn Care,Luna Landscape & Design,Jayson Luna,2109547024,,https://www.lunalandscape.co/,Connect@Lunalandscape.Co,
Professional Technical Services,Computer Repair,Mac Tlc,,2104955000,"11614 West Ave., Ste.101",https://mactlc.com/,,
Home Repair & Trades,Painting,Magna Painting,Tim,2102696803,,https://www.magnapainting.com/,,
Home Cleaning Domestic Services,Grout Cleaning Sealing,Marblelife,Mike,8882184616,,https://marblelife-sanantonio.com/,"Impressed, Professional",
Financial Tax Services,Cpa,"Margaret Wallace, Cpa",Margaret Wallace,2108752365,"101 Sunflower Ln, Sa 78213",,Professional & Helpful,
Home Repair & Trades,Handyman,Matthew Martinez,,2108608488,,,Doors,
Auto Services,Auto Repair,Md Automotive,,2106882366,"7454 Fm1560 N, San Antonio, Tx 78254",https://www.mdautomotiveonline.com/,"Hcr Discount, Shuttle",
Health Care,Ophthalmologist,Medical Center Ophthalmology Associates,Stephen J Fisher,2106972020,"9730 Westover Hills Blvd Ste. 110 San Antonio, Tx 78251",https://mcoaeyecare.com/eye-doctor/steven-j-fisher-m-d/,,
Home Repair & Trades,Handyman,Mike B.,,2107407500,,,Doors,
Home Repair & Trades,Electrician,Mike Castillo,Mike Castillo,2104540397,,,Highly Recommended,
Pet Care,Veterinary Clinic Animal Hospital,Mission Emergency Vet,,2107377373,"8202 N Loop 1604 W, San Antonio, Tx 78249",https://mission.vet,Emergency,
Landscaping Trees Lawn Services,Pest Control Exterminator,Mister‑B Termite & Pest Control,,2106590609,"9218 Converse Business Ln Ste 6, Converse, Tx 78109",,,
Financial Tax Services,Financial Advisor,Morgan Stanley,Lance Childress,2102774449,"7600 Broadway, Ste 100, San Antonio, Tx 78209",https://advisor.morganstanley.com/lance.childress,,
Professional Technical Services,Music Lessons,Mrs. Harline (Piano),,,,https://lisaharline.wixsite.com/harline-music-studio/about,,
Home Repair & Trades,Water Softener Sales Service,Ms. Janie,Ms. Janie,2103960732,,,,
Home Repair & Trades,Handyman,Neveah'S General Maintenance,Daniel Neveah,2108733792,,,"Power Wash, Repairs",
Bicycle,Bicycle Sales Repair Services,On The Go Bikes,Oscar Arango,2102811101,,https://www.onthegobikes.com,,
Real Estate,Property Tax,Ownwell,,,,https://www.ownwell.com/referral?owl=57FA5Z101,,
Home Repair & Trades,Flooring,"Palmer’S Flooring, Llc",Kyle; Joseph,2103255600,"12903 El Sendero St, San Antonio, Tx 78233",https://www.facebook.com/palmersflooring/,,
Legal Services,Estate Legal Services,Paul Owens Law,Paul Owens,2106955110,"14237 Old Bandera Rd, Helotes, Tx 78023",https://paulowenslaw.com/,Renter Contracts,
Legal Services,Elder Law,Paul Premack,Paul Premack,2108261122,"2186 Jackson Keller Road #720, San Antonio, Tx 78213",https://www.premack.com/about-paul-premack,Estate Resolution,
Home Repair & Trades,Electrician,Pawson Electric,Kevin Pawson,2107889520,"5903 Dannykaye Dr, San Antonio, Tx 78240",https://pawsonelectricsa.com,"Professional, Honest",
Auto Services,Auto Repair,Potranco Automotive,,2106796620,"12034 Potranco Rd, San Antonio, Tx 78253",https://www.potrancoautomotive.com,,
Home Repair & Trades,Granite Countertops Stone Fabrication,Prado’S Granite,,2103591544,,http://www.jpradogranite.com/,"On Time, Fair Price",
Health Care,Allergy Immunology,Premier Allergy,,2107646567,"11840 Alamo Ranch Parkway, Suite 80
San Antonio, Texas 78253",https://www.premierallergytx.com/,,
Home Repair & Trades,Flooring,Presidio Flooring,John Sosa,2106882482,"25374 W Interstate 10 Frontage Rd, San Antonio, Tx 78257",https://presidioflooring.com,,
Home Repair & Trades,Bath Remodeling,Quality Bath And Floors,Adrian Salinas,2103632424,"223 Lorraine San Antonio, Texas 78214",https://qualitybathandfloors.com/,Bath Flooring,
Home Repair & Trades,Tile Installation,Quality Bath And Floors,Adrian Salinas,2103632424,"223 Lorraine San Antonio, Texas 78214",https://qualitybathandfloors.com/,Bath Flooring,
Home Repair & Trades,Handyman,Ralph Marchiori,,2108606209,,,Doors,
Professional Technical Services,Jewelry Repair Service,Rialto Jewelry,,2105098100,"8910 Bandera Rd Ste 107, Sa 78250",https://www.rialtojewelry.com/,Gold/Diamond Repair,
Financial Tax Services,Cpa,"Richard Krampe, Cpa",,2106951960,"14359 Old Bandera Rd, Helotes, Tx 78023",https://richcpa.co/,,
Home Repair & Trades,"Decks, Gazebo, Arbor, Pergola",River City Deck & Patio,,2108233637,"18771 Fm 2252, San Antonio, Tx 78266",https://rivercitydeckandpatio.com/,"Professional, Reasonable",
Home Repair & Trades,Flooring,River City Floors,,2105933358,"3859 Stahl Rd, San Antonio, Tx 78217",https://rcfhardwoods.com/san-antonio/,,
Health Care,Dermatology,Rose Dermatology,,2102399647,"10630 Braun Rd Suite 105, San Antonio, Tx 78254",https://www.rosedermtx.com/,,
Home Repair & Trades,"Hvac, Air Conditioning, Heating",Rosenberg Plumbing & Air,Matt (Co-Owner),2109875587,"4335 Vance Jackson Rd Suite 505, San Antonio, Tx 78230",https://rosenberghvac.com,,
Health Care,Orthopedics,Sa City Orthopedics,Dr Brian N Kanz,2105102400,"1931 Rogers Road Suite 104 San Antonio, Tx 78251",https://www.sacityortho.com/,Highly Recommended,
Health Care,Endocrinology,San Antonio Endocrinologist,Dr Shahid Aziz Or Dr Dina Rivera,2103525006,"10818 Town Center Rd, San Antonio, Tx",https://www.saendocrine.com/shahid-aziz-md/,"Easy Access, Good Parking",
Health Care,Chiropractic,San Antonio Family Chiropractor,,2106990158,"9386 Huebner Rd Ste 100 San Antonio, Tx 78240",https://www.safamilychiro.com/,,
Professional Technical Services,Music Lessons,San Antonio Music Academy (Sama),,2106817262,"11121 Westwood Loop Ste. 208, San Antonio, Tx 78253",https://samusicacademy.com/,,
Professional Technical Services,Shoe Repair,San Antonio Quality Shoe Repair & Alterations,,2104958550,"19160 Stone Oak Pkwy #102, San Antonio, Tx 78258",,Boots/Purses/Clothes,
Financial Tax Services,Cpa,"Sandra Kapsar, Cpa",Sandra Kapsar,2102501690,,,Hcr Resident,
Landscaping Trees Lawn Services,Irrigation,Saul Pineda,,2103475291,,,,
Home Repair & Trades,Screens,Screenmobile Of Boerne,,2107565700,"5 Upper Cibolo Creek Rd, Boerne, Tx 78006",https://www.screenmobile.com/boerne,,
Home Repair & Trades,Address Tiles,Sea Gull Lighting 90621-68,,,,,Order House Numbers + 2 Blanks,
Financial Tax Services,Financial Advisor,Secure Financial Management,Jay Kirkwood,2104286250,"4630 De Zavala Road San Antonio, Tx 78249",https://sfmplanning.com/,Cpa + Attorney,
Security,Alarm Service,Smith Thompson Security,,2105900880,,https://smiththompson.com/,"Responsive, No Upsell",
Personal Services,Alterations,Sofy’Z,,2109571441,"5619 W Loop 1604 N Suite 125, San Antonio, Tx 78253",https://sofyzdesigns.fashion/,,
Health Care,Dermatology,Sorrento Dermatology,Dr James Neiiner,2104509840,"1314 E Sonterra Blvd, Suite #2201, San Antonio, Tx 78258",https://dermatologysanantonio.com/dr-james-neiner,Outstanding Mohs,
Landscaping Trees Lawn Services,Artificial Turf,Southern Turf,,2107964601,"3414 Zebecca Creek Drive, San Antonio, Tx 78015",https://www.southernturfco.com/san-antonio/,,
Home Cleaning Domestic Services,Gutter Cleaning,Squeaky Dan'S,,2103946840,,https://www.squeakydans.com/,"Also Windows, Roof Wash",
Home Cleaning Domestic Services,Window Washing,Squeaky Dan'S,,2103946840,,https://www.squeakydans.com/,"Also Windows, Roof Wash",
Home Cleaning Domestic Services,Carpet Cleaning,Steam Solutions Carpet Cleaning,,2106433812,"2610 Johnson Grass, San Antonio, Tx 78251",http://www.steamsolutionscarpetcleaning.com,,
Pet Care,In‑Home Euthanasia,Stepping Stone Vetcare,Dr. Laura,2104546101,"535 E Ammann Rd, Bulverde, Tx 78163",https://www.steppingstonevetcare.com,,
Home Repair & Trades,Roofing,Storm Roofing,Alfred,2104977736,"20770 Hwy 281 #108-293 San Antonio, Tx 78258",https://www.stormroofing.com/,,
Health Care,Physical Therapy,Stratton Physical Therapy,Dr Kenny Hogan,2108287557,"11919 Culebra Road, Bldg 1 Suite 101, San Antonio, Texas 78253",https://www.strattonrehab.com/locations/alamo-ranch,Highly Recommended,
Real Estate,Property Mgmt,Styles Aden,Styles Aden,2108672564,"4372 N Loop 1604 West Ste 102 San Antonio, Tx 78249",https://www.phyllisbrowning.com/realestate/agent/aden-stiles/,Manages Hcr Rentals,
Auto Services,Auto Repair,Sun Auto Service,,2104551645,"11906 Alamo Ranch Pkwy San Antonio, Tx 78253",https://www.sunautoservice.com/locations/tx/sanantonio/auto-repair-11906-alamo-ranch-pkwy,,
Home Repair & Trades,Window Coverings,Sunburst,,2108760377,,https://www.sunburstshutterssanantonio.com/,,
Landscaping Trees Lawn Services,Concrete Resurfacing,Sundek Of San Antonio,Steve Scott,2104910280,"18847 Redland Rd #206, San Antonio, Tx 78259",https://www.sundeksanantonio.com/,Highly Recommended,
Home Repair & Trades,"Decks, Gazebo, Arbor, Pergola",Superior Outdoor Design,,2106985010,"21195 W I-10, San Antonio, Tx 78257",https://www.superioroutdoordesigns.com/,,
Landscaping Trees Lawn Services,Tree Trim,Teague'S Tree Service,,2107180142,"Po Box 3151, Universal City, Tx 78148",,"Courteous, Fair Pricing",
Bicycle,Address Tiles,Test Provider,,,,,,
Health Care,Dental,Texas Country Dental,Dr. Kiela Hilton,2106886809,"10919 Culebra Rd Ste 130, San Antonio, Tx 78253",https://www.texascountrydental.com/,,
Health Care,Neurology,Texas Neuro Spine,Dr Sebastian Villareal,2109519055,"11212 Tx 151 Medical Plaza
1 Ste. 260
San Antonio, Tx 78251",https://www.texasneurospine.com/sebastian-juan-villarreal-md-neuro-spine-surgeons-san-antonio-new-braunfels-tx/,,
Home Cleaning Domestic Services,Window Washing,Texas Window Washing,,2103260852,,https://www.texaswindowwashing.xyz/,,
Home Repair & Trades,Deck Staining,The Dexpert,,2104806584,"7312 Reindeer Trail Leon Valley, Tx 78238",https://www.thedexpert.com,Pergola & Cedar Match,
Health Care,Chiropractic,The Joint,Dr. Issac,2108168437,"5519 W Loop 1604 N, Suite 103
San Antonio, Tx 78253",https://www.thejoint.com/texas/san-antonio/alamo-ranch-28077,,
Home Cleaning Domestic Services,Window Washing,The Master Squeegee,Nick Williams,2103731512,,,Excellent Work,
Pet Care,Veterinary Clinic Animal Hospital,Thrive Pet Healthcare – Covenant Care Animal Hospital,,2102495831,"11841 Alamo Ranch Pkwy, Suite 112, San Antonio, Texas 78253",https://www.thrivepetcare.com,,
Beauty Wellness,Nail Salon,Tippi Nail Bar,,2108868001,"6846 Alamo Pkwy #104, San Antonio, Tx 78253",https://tippinailbarsanantonio.com/,New Management,
Bicycle,Bicycle Sales Repair Services,Trek Bicycle San Antonio West,,2106004161,"11310 Culebra Rd Ste 117, San Antonio, Tx 78253",https://www.trekbikes.com/us/en_US/retail/san-antonio-west/,"Early Drop, Fast Turn",
Beauty Wellness,Nail Salon,Tri-V Nails,Kimberley,2104428585,"11840 Alamo Ranch Pkwy, San Antonio, Tx 78253",https://trivnailspa.com/,,
Health Care,Orthopedics,Tsaog Orthopaedics & Spine,Dr Emmanuel Nwelue Dr. Josh Bell,2108045400,"11212 State Hwy 151, #150 San Antonio, Tx 78251",https://www.tsaog.com/physicians/emmanuel-c-nwelue/,"Personable, Understanding",
Health Care,Orthopedics,Tsaog – Dr. Brian Kanz,,2108045400,"9150 Huebner Rd Ste 290, San Antonio, Tx 78240",https://www.briankanzmd.com/,,
Health Care,Orthopedics,Tsaog – Dr. Gregory Naugher,,2108045400,"11212 State Hwy 151, #150 San Antonio, Tx 78251",https://www.tsaog.com/physicians/g-lane-naugher/,,
Health Care,Ophthalmologist,Ultravision,,2103085550,"6818 Heuermann Rd, Sa 78256",https://lasik2c.com/?utm_source=GMBlisting,,
Health Care,Dermatology,Ut Health,Dr Shiu,2104501000,"7979 Wurzbach Roadsan Antonio, Tx 78229",https://cancer.uthscsa.edu/doctors-and-locations/doctors-and-clinics/valerie-shiu,Mohs Surgery,
Health Care,Audiology,Ut Health Marc,,2105677000,"7703 Floyd Curl Drive San Antonio, Tx 78229",https://lsom.uthscsa.edu/otolaryngology/otology-and-audiology/,Helpful Staff,
Health Care,Orthopedics,Ut Health Orthopaedics,Dr Chance Moore,2104509300,"7703 Floyd Curl Drive San Antonio, Tx 78229",https://directory.uthscsa.edu/academics/profile/moorecc,Patient Recommends,
Health Care,Endodontics,Vaughn Endodontics,Dr. Gary Benjamin; Dr. Vaughn,2108242363,"11019 Culebra Rd Ste 160, San Antonio, Tx 78253",https://www.vaughnendodontics.com/meet-us/gary-benjamin-dmd/,,
Security,Alarm Service,Vivint,Jacob Moore,8444818630,"15900 La Cantera Parkway #19210 San Antonio, Tx 78256",https://www.vivint.com/locations/texas/san-antonio,Responsive,
Home Repair & Trades,Water Softener Sales Service,Water Doctor,,2105050555,"3211 Howling Wolf, San Antonio, Tx 78261",,Many Hcr Customers,
Health Care,Dermatology,Westover Hills Dermatology,Dr. Mobolaji Opeola,8304652851,"9018 Culebra Rd Ste 104, San Antonio, Tx 78251",https://westoverhillsdermatology.com/dr-mobolaji-opeola,,
Health Care,Dental,Whispering Oaks Dental,Dr. Barton,2102930696,5531 W. Loop 1604 N Suite 115 Suite 115,,,
Home Repair & Trades,"Hvac, Air Conditioning, Heating",Wilks Air Conditioning,Danny Wilks,2105349911,"39 Waleetka St, San Antonio, Tx 78210",https://wilksair.com/,,
Home Repair & Trades,Window Coverings,Window Fashions Of Texas,,2107917705,"16151 College Oak #102, San Antonio, Tx 78249",https://windowfashionsoftexas.com/,,
Financial Tax Services,Financial Advisor,Your Retirement Solutions,Jake Yetterberg,2104953711,"14400 Northbrook Drive Suite 100 San Antonio, Tx 78232",https://www.yetterberg.com/team/jake-yetterberg,Retirement & Estate Focus,
Health Care,Dental,Z Dentist San Antonio,,2108029999,"7010 W Loop 1604 N, Suite 205, San Antonio, Texas 78254",https://www.z-dentist.com/,,